{"cameraMode":{"drawMode":0,"name":"Shaded","section":"Shading Mode"},"sceneLighting":false,"audioPlay":false,"sceneViewState":{"showFog":true,"showMaterialUpdate":false,"showSkybox":false,"showFlares":true,"showImageEffects":true,"showParticleSystems":true},"in2DMode":false,"pivot":{"x":0.03242224454879761,"y":0.7178380489349365,"z":0.4606349468231201},"rotation":{"x":-0.07133486121892929,"y":-0.010472968220710755,"z":0.000748955353628844,"w":-0.9973971843719482},"size":2.7157695293426515,"orthographic":false}