{"cameraMode":{"drawMode":0,"name":"Shaded","section":"Shading Mode"},"sceneLighting":false,"audioPlay":false,"sceneViewState":{"showFog":true,"showMaterialUpdate":false,"showSkybox":false,"showFlares":true,"showImageEffects":true,"showParticleSystems":true},"in2DMode":false,"pivot":{"x":-0.2794862389564514,"y":0.5032727122306824,"z":2.5596561431884767},"rotation":{"x":0.3879355192184448,"y":-0.0055305990390479568,"z":0.0023264456540346147,"w":0.9216669797897339},"size":0.5911334753036499,"orthographic":true}