{"cameraMode":{"drawMode":0,"name":"Shaded","section":"Shading Mode"},"sceneLighting":false,"audioPlay":false,"sceneViewState":{"showFog":true,"showMaterialUpdate":false,"showSkybox":false,"showFlares":true,"showImageEffects":true,"showParticleSystems":true},"in2DMode":false,"pivot":{"x":0.9967269897460938,"y":0.0817379355430603,"z":-1.1920928955078126e-7},"rotation":{"x":0.3004082441329956,"y":-0.04004096984863281,"z":0.01263485662639141,"w":0.9528861045837402},"size":1.700703501701355,"orthographic":true}