{"cameraMode":{"drawMode":0,"name":"Shaded","section":"Shading Mode"},"sceneLighting":false,"audioPlay":false,"sceneViewState":{"showFog":true,"showMaterialUpdate":false,"showSkybox":false,"showFlares":true,"showImageEffects":true,"showParticleSystems":true},"in2DMode":false,"pivot":{"x":-0.26152127981185915,"y":-0.9810830354690552,"z":-0.058539628982543948},"rotation":{"x":0.4558025896549225,"y":-0.4699037969112396,"z":0.3108285963535309,"w":0.6890718936920166},"size":3.322896957397461,"orthographic":true}